MRN,First Name,Last Name,DOB,SSN,Gender,Address,City,State,ZIP
MRN0001,Charles364,Buckridge80,1985-10-13,999-53-9135,M,974 Hackett Light Apt 87,Boston,Massachusetts,02121
MRN0002,Leonardo412,Berge125,1965-10-07,999-85-3578,M,658 Bogisich Orchard,Arlington,Massachusetts,
MRN0003,Daren950,Morissette863,1965-10-03,999-47-3013,M,551 Hartmann Grove Unit 35,Millbury,Massachusetts,
MRN0004,Florencia449,Angulo494,1954-03-09,999-70-5001,F,931 Kiehn Mission Unit 19,Boston,Massachusetts,02115
MRN0005,Vincent299,O'Kon634,1954-01-25,999-91-4299,M,257 Koelpin Port Suite 65,Easthampton,Massachusetts,01027
MRN0006,Carolin818,Heller342,1938-10-31,999-74-6881,F,890 Ebert Drive Unit 2,Andover,Massachusetts,
MRN0007,Sierra982,Sporer811,1927-12-06,999-92-5490,F,821 Kessler Plaza Suite 69,Brockton,Massachusetts,02351
MRN0008,Shaun461,Quigley282,1930-07-20,999-88-2032,M,155 Gerhold Village Unit 22,Boston,Massachusetts,02115
MRN0009,Lourdes258,Alonzo487,1963-02-06,999-80-3223,F,133 Swift Loaf Suite 0,Nahant,Massachusetts,01908
MRN0010,Leandro563,McClure239,1963-11-24,999-46-1199,M,408 Wilderman Lock,Sutton,Massachusetts,
MRN0011,Lenard338,Koepp521,1946-05-25,999-61-8155,M,455 Boyer Divide Suite 79,Worcester,Massachusetts,01604
MRN0012,Kala987,Nikolaus26,1961-10-24,999-43-7795,F,602 Hirthe Bridge Unit 2,Methuen,Massachusetts,01841
MRN0013,Reynaldo722,Lindgren255,1929-01-16,999-66-9848,M,748 Kreiger Flat Apt 73,Plymouth,Massachusetts,
MRN0014,Tim88,Kunde533,1970-11-01,999-65-1832,M,1035 Crist Rue Suite 10,Peabody,Massachusetts,01960
MRN0015,Nadine465,Hirthe744,1941-09-24,999-95-6434,F,627 Paucek Throughway Suite 9,Deerfield,Massachusetts,01342
MRN0016,Lyndon118,Spencer878,1982-05-27,999-91-3099,M,660 Mante Gate,Millville,Massachusetts,
MRN0017,Rafael239,Beatty507,1991-07-06,999-95-6972,M,847 Lind Rest,Tewksbury,Massachusetts,
MRN0018,Dong972,Vandervort697,1967-11-28,999-72-2495,M,239 Kuphal Club Apt 87,Lawrence,Massachusetts,
MRN0019,Lakesha141,Torp761,1943-07-06,999-51-1140,F,833 Yundt Lodge Unit 73,North Adams,Massachusetts,01247
MRN0020,Tory770,Kreiger457,1927-11-27,999-32-3839,M,1034 Schmitt Center,Boston,Massachusetts,02152
MRN0021,Piper612,Marks830,1960-01-19,999-58-1393,F,814 Metz Heights,Hampden,Massachusetts,
MRN0022,Fidel864,Bashirian201,1957-11-20,999-76-5877,M,656 Rolfson Club,Brookline,Massachusetts,02215
MRN0023,Dave764,Kreiger457,1946-05-25,999-69-7614,M,887 Cruickshank Bridge,Worcester,Massachusetts,01608
MRN0024,Korey682,Predovic534,1929-01-16,999-29-7238,M,935 Koch Mission Apt 45,Plymouth,Massachusetts,
MRN0025,Reid278,Conn188,1968-06-28,999-88-3464,M,918 Walker Track Suite 0,Erving,Massachusetts,
MRN0026,Shirley182,Glover433,1923-02-26,999-97-2573,F,881 Lemke Loaf Suite 66,Attleboro,Massachusetts,02861
MRN0027,Michele387,Smitham825,1941-02-16,999-21-5748,F,319 Reilly Lane,Bridgewater,Massachusetts,
MRN0028,Cammie978,Breitenberg711,1989-10-22,999-16-7416,F,224 Bergstrom Walk Suite 45,Mansfield,Massachusetts,
MRN0029,Tom274,O'Keefe54,1968-06-28,999-53-4669,M,801 Barton Arcade Unit 18,Erving,Massachusetts,
MRN0030,Leilani136,Jaskolski867,1960-01-19,999-95-9451,F,690 Turner Gateway,Hampden,Massachusetts,
MRN0031,Cedrick207,Parker433,1983-09-11,999-66-7544,M,568 Murphy Tunnel Apt 72,Boston,Massachusetts,02118
MRN0032,Romeo514,Marks830,1927-11-27,999-79-9698,M,842 Sporer Rue,Boston,Massachusetts,02116
MRN0033,Loreen513,Cartwright189,1956-01-09,999-10-2182,F,706 Frami Manor Apt 85,Scituate,Massachusetts,02066
MRN0034,Dominic463,Nienow652,1962-10-27,999-23-3541,M,891 Romaguera Boulevard,Lancaster,Massachusetts,
MRN0035,Dorethea38,Gulgowski816,1973-04-22,999-37-6016,F,235 Kassulke Mill,Revere,Massachusetts,02151
MRN0036,Hermila490,Hamill307,1988-02-01,999-16-2947,F,791 Thompson Ranch Apt 36,Billerica,Massachusetts,
MRN0037,Mikel238,Gerhold939,1938-08-29,999-52-6384,M,986 King Flat,Pittsfield,Massachusetts,01201
MRN0038,Travis723,Bosco882,1954-08-16,999-56-4577,F,871 Langworth Spur,Newbury,Massachusetts,
MRN0039,Matthew562,Kuhic920,1936-12-19,999-35-1507,M,952 Marquardt Trafficway,Haverhill,Massachusetts,01830
MRN0040,Jeanett771,Hansen121,1923-02-26,999-65-6650,F,643 Huel Trail Apt 4,Attleboro,Massachusetts,
MRN0041,Gayle448,Schaden604,1982-08-15,999-88-5903,M,413 Murazik Wall,Medford,Massachusetts,
MRN0042,Karine844,Hagenes547,1947-10-09,999-91-8107,F,604 Kozey Crossing Unit 52,Quincy,Massachusetts,02169
MRN0043,Ellsworth48,Steuber698,1963-08-10,999-52-8437,M,190 Kuhic Bridge Unit 7,Hudson,Massachusetts,
MRN0044,Rosario163,Koch169,1938-08-29,999-28-7021,M,724 Fay Neck,Pittsfield,Massachusetts,
MRN0045,Brinda322,Swift555,1954-03-13,999-68-5934,F,288 Stiedemann Parade,Weymouth,Massachusetts,02188
MRN0046,Emory494,Schuppe920,1962-10-27,999-43-7016,M,920 Robel Lock,Lancaster,Massachusetts,
MRN0047,Theresa98,Towne435,1929-07-12,999-34-4463,F,219 Klein Ranch,Springfield,Massachusetts,01105
MRN0048,Trey250,Harris789,1938-08-29,999-75-6674,M,891 Howe Course Unit 26,Pittsfield,Massachusetts,
MRN0049,Honey275,Koepp521,1942-12-02,999-76-2619,F,841 Zulauf Dale,Hingham,Massachusetts,02043
MRN0050,Elbert916,Kassulke119,1955-11-27,999-63-7500,M,276 Collins Well,Taunton,Massachusetts,
MRN0051,Maricarmen445,Caballero789,1962-09-11,999-10-3030,F,1034 Marvin Well,Everett,Massachusetts,02149
MRN0052,Shirlee202,DuBuque211,1954-03-13,999-95-3038,F,690 Moore Ranch,Weymouth,Massachusetts,
MRN0053,Mariano761,Turner526,1957-08-01,999-74-5500,M,499 Bashirian Port,Braintree,Massachusetts,
MRN0054,Cletus494,Strosin214,1936-12-28,999-41-7197,M,730 Sporer Avenue,Shrewsbury,Massachusetts,
MRN0055,Angella518,Schuppe920,1936-09-30,999-30-4286,F,816 Bruen Haven,Lawrence,Massachusetts,01840
MRN0056,Harris789,Conroy74,1938-08-29,999-23-5289,M,1068 Lakin Frontage road,Pittsfield,Massachusetts,
MRN0057,Reagan466,Barton704,1972-03-11,999-92-3695,F,159 Weimann Alley Apt 91,Quincy,Massachusetts,02186
MRN0058,Racheal820,Lind531,1929-07-12,999-37-4339,F,180 Ullrich Rapid,Springfield,Massachusetts,01106
MRN0059,Mohammed454,Gottlieb798,1950-06-20,999-19-6612,M,390 Lubowitz Forge Unit 66,Wakefield,Massachusetts,01880
MRN0060,Winston220,Hackett68,1963-06-26,999-56-7766,M,125 Lowe Key Suite 89,Randolph,Massachusetts,02368
MRN0061,Johnna810,Price929,1947-05-31,999-94-3786,F,788 Lockman Union Suite 26,Adams,Massachusetts,
MRN0062,Harold594,Kertzmann286,1936-12-28,999-95-1962,M,454 Barton Harbor Unit 6,Shrewsbury,Massachusetts,
MRN0063,Teresita257,Shields502,1972-03-11,999-85-2324,F,504 Shields Vista,Quincy,Massachusetts,
MRN0064,Jeanette800,Streich926,1975-12-08,999-89-7560,F,663 Kris Annex,Millville,Massachusetts,
MRN0065,Johnson679,Nienow652,1943-11-30,999-12-9846,M,224 Watsica Knoll,New Bedford,Massachusetts,02746
MRN0066,Tommie457,Padberg411,1964-04-14,999-31-9426,F,286 Parker Bridge,Shrewsbury,Massachusetts,
MRN0067,Roosevelt595,Daugherty69,1943-01-30,999-65-5327,M,933 Grady Gateway,Barre,Massachusetts,
MRN0068,Deedra511,Carroll471,1987-02-27,999-80-9398,F,790 Hamill Promenade,Georgetown,Massachusetts,
MRN0069,Delbert384,Block661,1938-04-03,999-91-7650,M,224 Block Crossing Suite 63,Middleton,Massachusetts,
MRN0070,Rolando809,Champlin946,1948-09-17,999-97-3091,M,938 Renner Club,Weymouth,Massachusetts,02190
MRN0071,Darwin703,Haag279,1970-06-16,999-52-7558,M,294 Wilderman Lodge,Winthrop,Massachusetts,02128
MRN0072,Carrol931,Schimmel440,1971-08-17,999-47-5371,F,938 Boehm Lane Apt 32,New Bedford,Massachusetts,02747
MRN0073,Mara755,Schulist381,1964-05-21,999-24-7044,F,520 Herzog Burg,Hull,Massachusetts,02045
MRN0074,Zackary401,Grimes165,1940-12-08,999-28-9912,M,354 Macejkovic Road,Cambridge,Massachusetts,02142
MRN0075,Beau391,Haag279,1943-01-30,999-67-5151,M,836 Volkman Path,Barre,Massachusetts,
MRN0076,Samuel331,Dooley940,1936-12-28,999-12-2395,M,594 Yost Route Suite 71,Shrewsbury,Massachusetts,
MRN0077,Rudy520,McClure239,1970-06-16,999-65-5676,M,525 Dickinson Row,Winthrop,Massachusetts,
MRN0078,Refugio197,Welch179,1948-09-17,999-13-5308,M,126 Terry Frontage road,Weymouth,Massachusetts,02190
MRN0079,Jerrie417,Ritchie586,1973-08-08,999-66-8886,F,301 Casper Mill,Boston,Massachusetts,02128
MRN0080,Elden718,Hammes673,1938-04-03,999-16-1375,M,919 Hoeger Walk Suite 18,Middleton,Massachusetts,
MRN0081,Lawanda300,Heller342,1943-01-31,999-63-7660,F,494 Roob Key,Gloucester,Massachusetts,01930
MRN0082,Lucas404,Johnson679,1981-08-13,999-75-9124,M,839 Ward Drive,Acushnet,Massachusetts,
MRN0083,Cythia210,Heathcote539,1962-01-22,999-90-4874,F,941 Johnson Tunnel,Pembroke,Massachusetts,
MRN0084,Candelaria844,Kohler843,1958-03-19,999-61-6579,F,294 Walsh Drive,Marlborough,Massachusetts,
MRN0085,Lilli892,Crooks415,1973-08-08,999-14-8392,F,264 Runolfsson Hollow Suite 85,Boston,Massachusetts,02131
MRN0086,Valene773,Legros616,1987-12-03,999-81-8740,F,1042 Schuppe Street Unit 89,Dedham,Massachusetts,
MRN0087,Micaela928,Terry864,1958-05-16,999-33-3549,F,251 Hamill Brook Apt 2,Concord,Massachusetts,
MRN0088,Shanae34,Langworth352,1967-06-06,999-46-5017,F,813 Streich Heights,Cambridge,Massachusetts,02140
MRN0089,Linwood526,Littel644,1948-09-17,999-59-2456,M,544 Dibbert Station,Weymouth,Massachusetts,02191
MRN0090,Daren950,Renner328,1946-08-16,999-24-5814,M,190 McDermott Terrace,Somerville,Massachusetts,02145
MRN0091,Khadijah960,Macejkovic424,1978-03-15,999-55-8157,F,434 Schneider Wynd,Dalton,Massachusetts,
MRN0092,Reid278,Gulgowski816,1953-05-09,999-22-1367,M,725 Armstrong Common,Dartmouth,Massachusetts,
MRN0093,Ron353,Lehner980,1944-06-26,999-89-7723,M,150 Hand Hollow,Boston,Massachusetts,02115
MRN0094,Lorena247,Ramírez776,1962-10-28,999-42-6321,F,451 Schneider Ranch,Revere,Massachusetts,
MRN0095,Kermit56,Ruecker817,1930-01-16,999-71-4682,M,509 Douglas Quay,Worcester,Massachusetts,
MRN0096,Hong136,Kuvalis369,1948-08-19,999-79-4145,M,646 Ebert Landing,Brockton,Massachusetts,02301
MRN0097,Jody426,Dare640,1923-02-24,999-53-3733,M,497 Altenwerth Promenade,Billerica,Massachusetts,
MRN0098,Nikki942,Hermann103,1962-09-27,999-73-6764,F,475 Kulas Lane,Dighton,Massachusetts,
MRN0099,Jamey282,Abshire638,1953-05-09,999-81-4683,M,182 Bayer Drive Apt 19,Dartmouth,Massachusetts,
MRN0100,Timoteo39,Ibarra303,1942-09-29,999-51-4814,M,352 Friesen Dale,Springfield,Massachusetts,01105
MRN0101,Carolina179,Marín855,1962-10-28,999-78-4011,F,511 Bergstrom Estate,Revere,Massachusetts,
MRN0102,Rogelio17,Rodriguez71,1930-01-16,999-98-2786,M,265 Metz Ranch Unit 56,Worcester,Massachusetts,01610
MRN0103,Carolann504,Collier206,1952-01-08,999-23-5466,F,114 Kuvalis Well Unit 74,Newton,Massachusetts,02472
MRN0104,Olive251,Altenwerth646,1991-02-23,999-71-7489,F,940 Robel Fort,Fall River,Massachusetts,02721
MRN0105,Selene142,Balistreri607,1969-12-19,999-48-5249,F,591 Thiel Rest,Holyoke,Massachusetts,
MRN0106,Margarita164,Reyes140,1934-02-17,999-21-6640,F,516 Leannon Center,Acushnet,Massachusetts,
MRN0107,Sancho742,Quintanilla544,1946-09-19,999-38-9841,M,532 Crist Knoll,Boston,Massachusetts,02130
MRN0108,Billie243,Schiller186,1923-02-24,999-99-3662,M,408 Pfannerstill Estate,Billerica,Massachusetts,
MRN0109,Patricio639,Delapaz125,1942-09-29,999-23-2619,M,799 O'Connell Run,Springfield,Massachusetts,01013
MRN0110,Asuncion264,Armstrong51,1944-05-21,999-36-1763,F,613 Skiles Orchard Unit 66,Danvers,Massachusetts,
MRN0111,Louetta798,Greenfelder433,1933-01-23,999-60-2568,F,740 Gulgowski Pathway Unit 24,Whitman,Massachusetts,
MRN0112,Marna905,O'Reilly797,1935-07-09,999-94-4574,F,1082 Harber Underpass,Stoughton,Massachusetts,
MRN0113,Boris111,Abbott774,1930-01-16,999-22-1034,M,902 Luettgen Quay Suite 72,Worcester,Massachusetts,01602
MRN0114,Renaldo199,Rogahn59,1979-07-06,999-31-3876,M,224 Trantow Spur,West Falmouth,Massachusetts,02574
MRN0115,Gloria696,Campos61,1934-02-17,999-18-7736,F,190 Kessler Center Suite 49,Acushnet,Massachusetts,
MRN0116,Antone63,Champlin946,1965-03-10,999-33-9830,M,432 Kovacek Well Apt 73,Boston,Massachusetts,02126
MRN0117,Glennie916,Dare640,1925-06-12,999-99-8666,F,547 Koch Trafficway,Topsfield,Massachusetts,
MRN0118,Agustín529,Saldaña5,1946-09-19,999-60-7067,M,325 Hoppe Station,Boston,Massachusetts,02111
MRN0119,Anya973,Batz141,1931-09-21,999-55-4239,F,304 Kiehn Crossroad Suite 43,Chicopee,Massachusetts,
MRN0120,Ayana300,Pacocha935,1935-07-09,999-68-5252,F,1008 Haag Promenade,Stoughton,Massachusetts,
MRN0121,Korey682,Brown30,1942-04-03,999-25-6123,M,439 Morissette Fork,Woburn,Massachusetts,01890
MRN0122,Jessie665,Nikolaus26,1978-09-19,999-48-3071,M,314 Wolff Boulevard Apt 29,North Lakeville,Massachusetts,
MRN0123,Rachal9,Ruecker817,1946-05-18,999-99-1469,F,836 McClure Vista Unit 11,Lynn,Massachusetts,01901
MRN0124,Jennette837,Schmeler639,1925-06-12,999-96-5254,F,1016 Hintz Vista Suite 29,Topsfield,Massachusetts,
MRN0125,Laura391,Cabán897,1934-02-17,999-98-2981,F,506 Hirthe Parade,Acushnet,Massachusetts,
MRN0126,Mercy752,Mann644,1986-07-02,999-47-2699,F,842 Braun Flat Suite 18,Gloucester,Massachusetts,01930
MRN0127,Kory651,Thiel172,1958-06-15,999-74-7321,M,517 Wiegand Way,Watertown,Massachusetts,
MRN0128,Siobhan540,Herzog843,1931-09-21,999-37-1493,F,537 McClure Dale Apt 25,Chicopee,Massachusetts,01020
MRN0129,Ruby458,O'Connell601,1971-01-22,999-80-4634,F,228 Marks Mall Suite 31,Barnstable,Massachusetts,
MRN0130,Jonna572,Bergnaum523,1935-07-09,999-34-3136,F,663 Miller Lane Unit 58,Stoughton,Massachusetts,
MRN0131,Rhett759,Howell947,1977-12-15,999-78-6178,M,503 Roob Port,Arlington,Massachusetts,02476
MRN0132,Marty115,Brakus656,1951-06-27,999-39-4958,M,720 Shanahan Park,Rockland,Massachusetts,
MRN0133,Judson999,Hackett68,1958-06-15,999-59-3091,M,491 Towne Corner Apt 96,Watertown,Massachusetts,
MRN0134,Merri201,Hammes673,1925-06-12,999-28-4062,F,636 Tillman Viaduct Suite 35,Topsfield,Massachusetts,
MRN0135,Felicita351,Stokes453,1941-05-23,999-14-6463,F,505 Brekke Burg Unit 57,Erving,Massachusetts,
MRN0136,Buffy238,Bergstrom287,1928-04-26,999-15-1422,F,1024 Kuhlman Station,Boston,Massachusetts,02130
MRN0137,Magan944,Krajcik437,1935-07-09,999-26-5153,F,193 Pouros Ranch Apt 87,Stoughton,Massachusetts,
MRN0138,Rosina706,Kreiger457,1925-06-12,999-38-3674,F,450 Gerlach Common,Topsfield,Massachusetts,01983
MRN0139,Izola651,Mante251,1928-04-26,999-90-7931,F,169 Leannon Viaduct Unit 4,Boston,Massachusetts,02151
MRN0140,Lela622,Bahringer146,1928-04-26,999-16-5984,F,911 Anderson Trafficway,Boston,Massachusetts,02132